,SOI,nino
1950-01-01,0.570492283299991,-1.84
1950-02-01,1.642897110809131,-1.63
1950-03-01,1.7458488331453068,-1.3
1950-04-01,1.8953161777858345,-1.43
1950-05-01,0.7486727622207335,-1.72
1950-06-01,2.7129664106468625,-1.17
1950-07-01,2.083015745855139,-0.86
1950-08-01,1.147656550641308,-0.95
1950-09-01,0.6255069712545226,-1.04
1950-10-01,1.6266674525145242,-0.83
1950-11-01,1.1832335684352566,-1.1
1950-12-01,2.292121930820888,-1.19
1951-01-01,1.8208863288896782,-1.21
1951-02-01,0.8171986367883551,-1.05
1951-03-01,-0.3925486877673553,-0.61
1951-04-01,-0.16633800818652664,-0.56
1951-05-01,-0.6887789412432129,-0.23
1951-06-01,0.4058768645852223,-0.23
1951-07-01,-0.8100616789440915,0.44
1951-08-01,-0.22267962922930465,0.43
1951-09-01,-0.7918979882384753,0.69
1951-10-01,-0.9335385188134022,0.64
1951-11-01,-0.4823151495967204,0.74
1951-12-01,-0.5011449382800363,0.43
1952-01-01,-0.9925002736870584,0.18
1952-02-01,-0.9799098066686018,-0.04
1952-03-01,-0.20925747168915493,-0.01
1952-04-01,-1.0097419933570428,0.08
1952-05-01,0.5889559062803456,0.07
1952-06-01,0.6622201474810141,-0.36
1952-07-01,0.3471692909756007,-0.56
1952-08-01,-0.5652636741968604,-0.47
1952-09-01,-0.4221401727186116,-0.29
1952-10-01,0.06556625048530937,-0.25
1952-11-01,-0.20472369659140405,-0.37
1952-12-01,-1.541773771866638,-0.15
1953-01-01,0.2578937719025693,0.18
1953-02-01,-0.7856278127813214,0.36
1953-03-01,-0.8813252639760055,0.35
1953-04-01,-0.07262645427866783,0.4
1953-05-01,-3.2442486362903296,0.38
1953-06-01,-0.3631529841019589,0.33
1953-07-01,-0.10286497510424714,0.24
1953-08-01,-2.004116663060937,0.23
1953-09-01,-1.4081610141050784,0.31
1953-10-01,-0.12176589375816801,0.23
1953-11-01,-0.3435194230940228,0.23
1953-12-01,-0.6106848154997048,0.3
1954-01-01,0.6746917870991513,0.36
1954-02-01,-0.5427753204222762,0.39
1954-03-01,-0.3314516157413348,-0.12
1954-04-01,0.7707775308917418,-0.93
1954-05-01,0.4292390503397759,-0.85
1954-06-01,-0.2777052231366949,-0.76
1954-07-01,0.4114599004155998,-0.91
1954-08-01,0.9421061236607589,-1.2
1954-09-01,0.3790017609079234,-1.45
1954-10-01,0.06556625048523837,-1.28
1954-11-01,0.28106134616795875,-1.07
1954-12-01,1.1967231586244518,-1.32
1955-01-01,-0.5757022584904762,-1.13
1955-02-01,1.4000446184500306,-0.93
1955-03-01,0.0962278884412254,-0.95
1955-04-01,-0.35376111600224425,-1.14
1955-05-01,1.3076817580123188,-1.25
1955-06-01,1.6021455180987232,-1.13
1955-07-01,1.8901439175352144,-0.98
1955-08-01,1.421723786615399,-1.33
1955-09-01,1.3650226022943903,-1.19
1955-10-01,1.4393353082710467,-2.13
1955-11-01,1.4608250214405731,-2.45
1955-12-01,0.8133335883556744,-2.1
1956-01-01,1.2477890579944146,-1.39
1956-02-01,1.1086216276191652,-0.83
1956-03-01,0.8293927527541659,-0.71
1956-04-01,1.239335300431036,-0.83
1956-05-01,1.7868323258335737,-0.68
1956-06-01,1.1749067132725004,-0.7
1956-07-01,1.2472378231353694,-0.91
1956-08-01,1.010622932654223,-1.02
1956-09-01,-0.05238235719867773,-0.92
1956-10-01,1.7515555486768186,-0.95
1956-11-01,0.07286775641391231,-1.1
1956-12-01,0.9228734655753428,-0.98
1957-01-01,0.6225920351995712,-0.58
1957-02-01,-0.3970638250068711,-0.25
1957-03-01,-0.33145161574126536,0.32
1957-04-01,0.11479665353694328,0.55
1957-05-01,-1.2477879370347977,0.68
1957-06-01,-0.3631529841019589,0.59
1957-07-01,0.09000685321567721,0.83
1957-08-01,-1.1819149551385857,0.82
1957-09-01,-1.1616558037584093,0.71
1957-10-01,-0.2466539899205336,0.7
1957-11-01,-1.3844873718640185,1.06
1957-12-01,-0.5559148768898705,1.4
1958-01-01,-1.826096304080163,1.7
1958-02-01,-0.8827688097249616,1.59
1958-03-01,-0.3925486877674248,1.01
1958-04-01,0.11479665353694328,0.55
1958-05-01,-0.8484957971836917,0.44
1958-06-01,-0.1068097012062642,0.36
1958-07-01,0.2185880720956755,0.2
1958-08-01,0.6680388876865897,-0.03
1958-09-01,-0.4221401727186116,-0.32
1958-10-01,-0.3090980380017164,-0.18
1958-11-01,-0.6211108760994181,0.16
1958-12-01,-0.8845345085487515,0.09
1959-01-01,-0.940400521787478,0.47
1959-02-01,-1.6113262868021525,0.42
1959-03-01,0.7071986087019859,0.22
1959-04-01,0.3959313152605197,0.14
1959-05-01,0.26952219439938785,-0.11
1959-06-01,-0.7903917889280843,-0.35
1959-07-01,-0.4886086317441689,-0.72
1959-08-01,-0.7022972921839449,-0.61
1959-09-01,-0.05238235719867773,-0.65
1959-10-01,0.31534244280996954,-0.36
1959-11-01,1.044437841932559,-0.41
1959-12-01,0.7037937111360681,-0.25
1960-01-01,0.049494764304307964,-0.42
1960-02-01,-0.3970638250068711,-0.56
1960-03-01,0.4017132485716057,-0.36
1960-04-01,0.8644890847996006,-0.29
1960-05-01,0.5090974783100153,-0.29
1960-06-01,-0.3631529841019589,-0.45
1960-07-01,0.475750509855599,-0.21
1960-08-01,0.531005269699583,-0.08
1960-09-01,0.6255069712545226,-0.23
1960-10-01,-0.18420994183942174,-0.43
1960-11-01,0.6280506624246239,-0.39
1960-12-01,0.5394838953065654,-0.28
1961-01-01,-0.2631037470931137,-0.29
1961-02-01,0.4772051474856697,-0.22
1961-03-01,-2.592043280706108,-0.33
1961-04-01,1.0519121926153183,-0.29
1961-05-01,0.10980533845890897,-0.06
1961-06-01,-0.4486007450671257,0.17
1961-07-01,0.2185880720956024,-0.12
1961-08-01,-0.1541628202357623,-0.5
1961-09-01,0.009243945387989588,-0.85
1961-10-01,-0.6213182784075593,-0.85
1961-11-01,0.6280506624246239,-0.53
1961-12-01,1.306263035844058,-0.49
1962-01-01,1.872986080789199,-0.55
1962-02-01,0.3800641505420295,-0.55
1962-03-01,-0.3925486877673553,-0.53
1962-04-01,0.11479665353694328,-0.57
1962-05-01,1.2278233300419883,-0.68
1962-06-01,0.4058768645852223,-0.51
1962-07-01,-0.03857436566424799,-0.35
1962-08-01,0.325454842718956,-0.41
1962-09-01,0.4406280634945207,-0.75
1962-10-01,0.9397829236216554,-0.73
1962-11-01,0.4198570726705775,-0.85
1962-12-01,-0.11775536801125885,-0.94
1963-01-01,1.0393900503961533,-0.81
1963-02-01,0.13721165818303946,-0.44
1963-03-01,0.585004464649806,-0.01
1963-04-01,0.6770659769839896,0.07
1963-05-01,0.26952219439938785,-0.2
1963-06-01,-1.13218283278914,0.0
1963-07-01,-0.10286497510432024,0.62
1963-08-01,-0.4282300562097758,0.7
1963-09-01,-0.6070190804785435,0.64
1963-10-01,-1.4330909034627934,0.77
1963-11-01,-1.1068959188587022,0.87
1963-12-01,-1.4322338946470317,1.02
1964-01-01,-0.419403002791795,0.76
1964-02-01,-0.202781831119646,0.44
1964-03-01,0.7071986087019859,-0.22
1964-04-01,1.520469962154506,-0.73
1964-05-01,0.26952219439938785,-0.97
1964-06-01,0.6622201474810141,-1.03
1964-07-01,0.6686223381755233,-0.86
1964-08-01,1.353206977621857,-1.19
1964-09-01,1.3650226022943903,-1.34
1964-10-01,1.1895591159463157,-1.25
1964-11-01,0.14226561966534002,-1.34
1964-12-01,-0.5011449382800363,-1.27
1965-01-01,-0.419403002791795,-0.89
1965-02-01,-0.008499837232420808,-0.46
1965-03-01,0.0962278884412254,-0.21
1965-04-01,-1.4782997628962304,-0.18
1965-05-01,-0.04991151748147908,0.15
1965-06-01,-1.4739738766500985,0.5
1965-07-01,-2.2244550866237804,0.74
1965-08-01,-1.3874653821192124,1.14
1965-09-01,-1.531413619278343,1.2
1965-10-01,-1.2457587592192452,1.47
1965-11-01,-2.009068141126,1.56
1965-12-01,-0.008215490791652597,1.38
1966-01-01,-1.30509878508448,1.08
1966-02-01,-0.5913458188941515,0.83
1966-03-01,-1.7977813443671464,0.89
1966-04-01,-0.8223188855414317,0.45
1966-05-01,-0.9283542251539312,-0.24
1966-06-01,-0.021361940240903127,0.08
1966-07-01,-0.10286497510424714,0.14
1966-08-01,0.2569380337254137,-0.28
1966-09-01,-0.29888756754527696,-0.34
1966-10-01,-0.3715420860828991,-0.39
1966-11-01,-0.13532583334005524,-0.32
1966-12-01,-0.6106848154997048,-0.48
1967-01-01,1.6124873212913573,-0.49
1967-02-01,1.1571921260909854,-0.48
1967-03-01,0.646101536675896,-0.66
1967-04-01,-0.35376111600224425,-0.89
1967-05-01,-0.3693452293624368,-0.42
1967-06-01,0.5767723865157501,-0.07
1967-07-01,0.15429746265567634,-0.11
1967-08-01,0.4624884607060406,-0.31
1967-09-01,0.4406280634945908,-0.72
1967-10-01,-0.12176589375816801,-0.6
1967-11-01,-0.5517130128479903,-0.47
1967-12-01,-0.774994631329083,-0.59
1968-01-01,0.4662927795008308,-0.89
1968-02-01,0.8171986367883551,-1.04
1968-03-01,-0.5758399038456252,-0.95
1968-04-01,-0.35376111600224425,-0.71
1968-05-01,1.4673986139527069,-0.76
1968-06-01,1.1749067132724034,0.0
1968-07-01,0.7329129476154493,0.33
1968-08-01,-0.1541628202357623,0.19
1968-09-01,-0.36051387013194425,0.07
1968-10-01,-0.3090980380017164,0.2
1968-11-01,-0.4823151495966415,0.65
1968-12-01,0.04655444781818165,0.73
1969-01-01,-1.4613980407831613,0.88
1969-02-01,-0.8827688097249616,1.12
1969-03-01,-0.025966255610885062,0.69
1969-04-01,-1.0097419933570428,0.6
1969-05-01,-0.6887789412433036,0.59
1969-06-01,-0.19225746217152812,0.3
1969-07-01,-0.6814804600641663,0.02
1969-08-01,-0.6337804831904027,0.23
1969-09-01,-1.1616558037584093,0.51
1969-10-01,-1.308202807300428,0.72
1969-11-01,-0.13532583334005524,0.61
1969-12-01,0.2108642636476844,0.61
1970-01-01,-1.0966997774862186,0.38
1970-02-01,-1.271332797499467,0.2
1970-03-01,-0.02596625561095452,0.02
1970-04-01,-0.5411842238179618,0.16
1970-05-01,0.1896637664291484,-0.14
1970-06-01,0.9185634303767088,-0.55
1970-07-01,-0.5528992411841679,-0.8
1970-08-01,0.2569380337254137,-1.07
1970-09-01,1.2417699971210556,-0.96
1970-10-01,0.9397829236215844,-1.0
1970-11-01,1.946610064199936,-0.9
1970-12-01,1.6896526061128978,-1.22
1971-01-01,0.3099935238021495,-1.58
1971-02-01,1.4486151169218506,-1.43
1971-03-01,1.9291400492235071,-1.23
1971-04-01,2.5512970551407395,-1.02
1971-05-01,0.9083896181612124,-0.85
1971-06-01,0.1495335816895276,-0.99
1971-07-01,0.15429746265567634,-0.99
1971-08-01,1.421723786615399,-0.94
1971-09-01,1.5499015100543223,-0.88
1971-10-01,1.689111500595636,-1.13
1971-11-01,0.6280506624246239,-1.04
1971-12-01,0.046554447818243916,-1.14
1972-01-01,0.4141930276013098,-0.83
1972-02-01,0.6714871413728949,-0.41
1972-03-01,0.035130816415135435,-0.12
1972-04-01,-0.6348957777258207,0.13
1972-05-01,-1.6470800768859044,0.35
1972-06-01,-1.3885261156848343,0.54
1972-07-01,-1.8387114299838585,0.9
1972-08-01,-1.1133981461450428,1.17
1972-09-01,-1.5930399218650104,1.27
1972-10-01,-1.2457587592192452,1.68
1972-11-01,-0.4823151495966415,1.96
1972-12-01,-1.4870038332568036,2.12
1973-01-01,-0.3152034989926347,1.77
1973-02-01,-1.5627557883302772,1.17
1973-03-01,-0.14816039966306496,0.39
1973-04-01,-0.26004956209438546,-0.41
1973-05-01,0.26952219439938785,-0.79
1973-06-01,1.1749067132725004,-0.95
1973-07-01,0.6043317287355242,-1.33
1973-08-01,1.147656550641308,-1.47
1973-09-01,1.3033962997077229,-1.51
1973-10-01,0.8773388755404726,-1.76
1973-11-01,3.195771602723978,-2.24
1973-12-01,1.6348826675030013,-2.25
1974-01-01,2.2897840959857216,-2.15
1974-02-01,1.497185615393671,-1.71
1974-03-01,2.0513341932756872,-1.42
1974-04-01,1.239335300431036,-1.17
1974-05-01,1.0681064741016004,-1.07
1974-06-01,0.1495335816895276,-0.98
1974-07-01,1.1829472136953705,-0.8
1974-08-01,0.531005269699505,-0.56
1974-09-01,1.1801436945343884,-0.59
1974-10-01,0.752450779378107,-0.87
1974-11-01,-0.27412155984267395,-1.11
1974-12-01,-0.2820651838407616,-0.99
1975-01-01,-0.5236025065909553,-0.49
1975-02-01,0.3800641505420847,-0.61
1975-03-01,1.0737810408584565,-0.89
1975-04-01,1.6141815160623647,-0.81
1975-05-01,0.5889559062802547,-0.94
1975-06-01,1.5166977571334588,-1.4
1975-07-01,2.0830157458552123,-1.3
1975-08-01,2.0383750675572023,-1.46
1975-09-01,2.2277908385075227,-1.62
1975-10-01,1.6891115005957067,-1.92
1975-11-01,1.3220292949379544,-1.64
1975-12-01,1.9087323605521105,-1.93
1976-01-01,1.2998888098939356,-1.95
1976-02-01,1.1571921260910405,-1.25
1976-03-01,1.2570722569366566,-0.72
1976-04-01,0.11479665353694328,-0.8
1976-05-01,0.1896637664291484,-0.64
1976-06-01,-0.10680970120616706,-0.35
1976-07-01,-1.2600959450240126,-0.02
1976-08-01,-1.4559821911127546,0.16
1976-09-01,-1.4081610141050085,0.3
1976-10-01,0.19045434664760394,0.7
1976-11-01,0.9056421154299404,0.68
1976-12-01,-0.5011449382800363,0.48
1977-01-01,-0.419403002791795,0.64
1977-02-01,0.6229166429010747,0.32
1977-03-01,-1.3090047681585657,0.24
1977-04-01,-1.1034535472649016,-0.18
1977-05-01,-1.1679295090645587,0.06
1977-06-01,-1.986660442441585,0.27
1977-07-01,-1.4529677733440098,0.28
1977-08-01,-1.4559821911127546,0.0
1977-09-01,-1.0384031985851447,0.38
1977-10-01,-1.4330909034627226,0.59
1977-11-01,-1.6620788248693348,0.54
1977-12-01,-1.3226940174273631,0.68
1978-01-01,-0.3152034989926939,0.65
1978-02-01,-2.6798772531818638,0.34
1978-03-01,-0.8813252639760055,-0.09
1978-04-01,-0.9160304394492906,-0.54
1978-05-01,1.6271154698931856,-0.55
1978-06-01,0.4913246255504862,-0.53
1978-07-01,0.6043317287355242,-0.47
1978-08-01,-0.017129202248677682,-0.7
1978-09-01,0.009243945387989588,-0.62
1978-10-01,-0.7462063745698538,-0.38
1978-11-01,-0.3435194230940228,-0.3
1978-12-01,-0.2820651838406993,-0.2
1979-01-01,-0.419403002791795,-0.22
1979-02-01,0.5257756459574898,-0.22
1979-03-01,-0.5758399038456252,0.15
1979-04-01,-0.6348957777258207,0.07
1979-05-01,0.34938062236953643,-0.17
1979-06-01,0.4913246255504862,-0.14
1979-07-01,-0.8100616789441646,-0.33
1979-08-01,-0.7022972921838672,-0.16
1979-09-01,0.07087024797458684,0.33
1979-10-01,-0.3715420860828991,0.22
1979-11-01,-0.6211108760994181,0.35
1979-12-01,-0.9940743857684201,0.4
1980-01-01,0.3620932757017297,0.43
1980-02-01,-0.057070335704185675,0.2
1980-03-01,-1.1868106241063858,0.05
1980-04-01,-1.4782997628963368,-0.01
1980-05-01,-0.369345229362346,0.07
1980-06-01,-0.6194962669976535,0.3
1980-07-01,-0.16715558454431936,0.07
1980-08-01,-0.017129202248677682,-0.31
1980-09-01,-0.6070190804785435,-0.26
1980-10-01,-0.30909803800178737,-0.27
1980-11-01,-0.4823151495967204,-0.11
1980-12-01,-0.2820651838406993,-0.1
1981-01-01,0.3099935238021495,-0.5
1981-02-01,-0.4942048219505113,-0.7
1981-03-01,-2.1032667044975266,-0.58
1981-04-01,-0.6348957777257141,-0.48
1981-05-01,0.7486727622207335,-0.5
1981-06-01,1.0894589523072369,-0.34
1981-07-01,0.9257847759354468,-0.62
1981-08-01,0.4624884607060406,-0.68
1981-09-01,0.6871332738411199,-0.29
1981-10-01,-0.6213182784075593,-0.26
1981-11-01,0.14226561966534002,-0.33
1981-12-01,0.32040414086729063,-0.22
1982-01-01,1.0393900503960942,0.02
1982-02-01,-0.10564083417600577,-0.12
1982-03-01,0.035130816415135435,0.03
1982-04-01,-0.44747266991010304,0.11
1982-05-01,-0.8484957971836917,0.51
1982-06-01,-2.2430037253372794,0.63
1982-07-01,-1.9030020394238576,0.37
1982-08-01,-2.6892847529962047,0.71
1982-09-01,-2.2709292503181406,1.38
1982-10-01,-2.1824194804367743,1.89
1982-11-01,-3.39702540615274,1.98
1982-12-01,-2.472862728233571,2.25
1983-01-01,-3.3369891091676323,2.26
1983-02-01,-3.6027167241462794,1.92
1983-03-01,-3.3863052170451384,1.43
1983-04-01,-1.9468575324355244,0.94
1983-05-01,0.5889559062802547,0.91
1983-06-01,-0.4486007450671257,0.58
1983-07-01,-0.7457710695040924,-0.1
1983-08-01,-0.1541628202357623,-0.42
1983-09-01,0.9336384841877892,-0.64
1983-10-01,0.31534244280996954,-1.03
1983-11-01,-0.20472369659140405,-1.19
1983-12-01,-0.17252530662109308,-0.87
1984-01-01,0.15369426810340905,-0.53
1984-02-01,0.4286346490139048,-0.11
1984-03-01,-0.8813252639760055,-0.28
1984-04-01,0.20850820744480209,-0.5
1984-05-01,-0.04991151748147908,-0.6
1984-06-01,-1.0467350718239732,-0.74
1984-07-01,0.2185880720956024,-0.44
1984-08-01,0.11990441573840695,-0.26
1984-09-01,0.13249655056125414,-0.39
1984-10-01,-0.6213182784075593,-0.64
1984-11-01,0.28106134616795875,-1.13
1984-12-01,-0.3368351224505958,-1.31
1985-01-01,-0.3673032508922741,-1.1
1985-02-01,0.5257756459574898,-0.72
1985-03-01,-0.4536457597934453,-0.8
1985-04-01,1.6141815160623647,-0.87
1985-05-01,0.26952219439938785,-0.82
1985-06-01,-1.13218283278914,-0.77
1985-07-01,-0.23144619398424546,-0.64
1985-08-01,0.7365556966801321,-0.65
1985-09-01,-0.05238235719867773,-0.74
1985-10-01,-0.6837623264887421,-0.56
1985-11-01,-0.27412155984267395,-0.35
1985-12-01,0.04655444781818165,-0.5
1986-01-01,0.8830907946973535,-0.63
1986-02-01,-1.2713327974994122,-0.57
1986-03-01,-0.14816039966306496,-0.34
1986-04-01,0.11479665353694328,-0.15
1986-05-01,-0.6887789412433036,-0.34
1986-06-01,1.0040111913419727,-0.13
1986-07-01,0.2185880720956755,0.1
1986-08-01,-0.9763645281580364,0.28
1986-09-01,-0.6070190804785435,0.53
1986-10-01,0.5026745870534469,0.81
1986-11-01,-1.5926809616179858,0.94
1986-12-01,-1.6513136490863063,1.06
1987-01-01,-0.6799017622896365,1.15
1987-02-01,-1.4656147913866924,1.19
1987-03-01,-2.1032667044975266,1.16
1987-04-01,-2.790261517606041,0.89
1987-05-01,-2.2060890726774898,0.79
1987-06-01,-2.2430037253373767,0.98
1987-07-01,-1.8387114299838585,1.24
1987-08-01,-1.6615326180933037,1.55
1987-09-01,-1.2232821063450765,1.59
1987-10-01,-0.6837623264887421,1.29
1987-11-01,-0.27412155984267395,1.2
1987-12-01,-0.6654547541094767,0.91
1988-01-01,-0.10680449139437327,0.82
1988-02-01,-0.6884868158377364,0.19
1988-03-01,0.035130816415204894,0.12
1988-04-01,-0.16633800818663316,-0.23
1988-05-01,0.9882480461314518,-0.94
1988-06-01,-0.5340485060323896,-1.48
1988-07-01,1.1186566042554442,-1.62
1988-08-01,1.421723786615399,-1.22
1988-09-01,1.9812856281608533,-1.11
1988-10-01,1.3768912601897931,-1.97
1988-11-01,2.0854057907026333,-2.01
1988-12-01,0.9776434041851769,-2.01
1989-01-01,1.456188065592676,-1.98
1989-02-01,0.7686281383165351,-1.49
1989-03-01,0.5239073926237856,-1.21
1989-04-01,2.363873947325022,-0.96
1989-05-01,1.4673986139527069,-0.74
1989-06-01,0.6622201474810141,-0.46
1989-07-01,0.9257847759354468,-0.48
1989-08-01,-0.8393309101709517,-0.5
1989-09-01,0.502254366081188,-0.36
1989-10-01,0.6275626832158124,-0.48
1989-11-01,-0.3435194230941017,-0.44
1989-12-01,-0.720224692719311,-0.11
1990-01-01,-0.10680449139437327,-0.05
1990-02-01,-1.951319776104783,0.2
1990-03-01,-1.1868106241063163,0.06
1990-04-01,-0.07262645427877436,0.14
1990-05-01,1.3076817580123188,0.17
1990-06-01,-0.021361940240903127,-0.06
1990-07-01,0.5400411192955982,0.14
1990-08-01,-0.7022972921839449,0.23
1990-09-01,-0.8535242908251427,0.13
1990-10-01,0.06556625048530937,0.22
1990-11-01,-0.690508739350688,0.15
1990-12-01,-0.4463749996702021,0.28
1991-01-01,0.570492283299991,0.39
1991-02-01,-0.10564083417600577,0.29
1991-03-01,-1.431198912210676,0.06
1991-04-01,-1.4782997628962304,0.31
1991-05-01,-1.9665137887668618,0.45
1991-06-01,-0.7049440279629174,0.72
1991-07-01,-0.16715558454424628,0.89
1991-08-01,-0.9763645281580364,0.8
1991-09-01,-1.7779188296249422,0.59
1991-10-01,-1.4330909034627934,0.83
1991-11-01,-0.8987023291047344,1.2
1991-12-01,-1.9799332807451877,1.63
1992-01-01,-2.763891838272369,1.69
1992-02-01,-1.125621302084062,1.6
1992-03-01,-2.958625712862577,1.33
1992-04-01,-2.134280640251136,1.26
1992-05-01,0.029946910488669563,1.1
1992-06-01,-1.4739738766500985,0.66
1992-07-01,-0.6814804600641663,0.28
1992-08-01,-0.01712920224859979,0.03
1992-09-01,0.009243945387989588,-0.16
1992-10-01,-1.870199240031002,-0.39
1992-11-01,-0.8987023291047344,-0.13
1992-12-01,-0.774994631329083,0.03
1993-01-01,-0.888300769887898,0.2
1993-02-01,-0.9799098066686018,0.37
1993-03-01,-1.1868106241063858,0.38
1993-04-01,-2.415415301974605,0.7
1993-05-01,-0.8484957971836917,0.79
1993-06-01,-1.8157649205110569,0.39
1993-07-01,-1.067224116704088,0.31
1993-08-01,-1.7985662360803103,0.08
1993-09-01,-0.8535242908251427,0.31
1993-10-01,-1.4955349515439054,0.22
1993-11-01,-0.06592797008870642,0.19
1993-12-01,-0.008215490791652597,0.1
1994-01-01,-0.15890424329401268,0.07
1994-02-01,-0.10564083417600577,0.14
1994-03-01,-1.431198912210676,0.2
1994-04-01,-2.602838409790323,0.33
1994-05-01,-1.3276463650050374,0.36
1994-06-01,-1.217630593754404,0.4
1994-07-01,-1.7744208205439325,0.39
1994-08-01,-2.004116663060937,0.47
1994-09-01,-1.8395451322116096,0.42
1994-10-01,-1.557978999625088,0.75
1994-11-01,-0.8987023291046555,1.22
1994-12-01,-1.4322338946469697,1.33
1995-01-01,-0.419403002791795,1.07
1995-02-01,-0.4456343234786912,0.84
1995-03-01,0.15732496046724587,0.58
1995-04-01,-1.8531459785276656,0.37
1995-05-01,-0.9283542251539312,-0.04
1995-06-01,-0.2777052231366949,0.11
1995-07-01,0.4114599004155268,-0.04
1995-08-01,-0.08564601124221999,-0.51
1995-09-01,0.2557491557345888,-0.62
1995-10-01,-0.2466539899206045,-0.71
1995-11-01,0.003469893162642392,-0.91
1995-12-01,-0.7749946313291453,-0.82
1996-01-01,0.9351905465969336,-0.84
1996-02-01,-0.0570703357042409,-0.85
1996-03-01,0.4628103205976956,-0.6
1996-04-01,0.8644890847996006,-0.38
1996-05-01,0.10980533845890897,-0.26
1996-06-01,1.3458022352029313,-0.2
1996-07-01,0.6686223381755233,-0.26
1996-08-01,0.325454842718956,-0.18
1996-09-01,0.6255069712545226,-0.39
1996-10-01,0.31534244280996954,-0.3
1996-11-01,-0.13532583334005524,-0.3
1996-12-01,0.5942538339163996,-0.56
1997-01-01,0.46629277950089,-0.58
1997-02-01,1.2057626245628603,-0.37
1997-03-01,-1.1868106241063858,-0.2
1997-04-01,-1.8531459785276656,0.18
1997-05-01,-2.285947500647638,0.72
1997-06-01,-2.6702425301635992,1.17
1997-07-01,-0.9386428978240898,1.58
1997-08-01,-2.2781838990350294,1.76
1997-09-01,-1.5930399218650104,2.06
1997-10-01,-1.9326432881121136,2.35
1997-11-01,-1.7314766881206836,2.39
1997-12-01,-1.1583842015979229,2.36
1998-01-01,-2.555492830674108,2.31
1998-02-01,-2.145601769992008,1.88
1998-03-01,-3.4474022890711584,1.33
1998-04-01,-2.790261517606041,0.85
1998-05-01,0.029946910488760345,0.56
1998-06-01,0.9185634303767088,-0.28
1998-07-01,1.4401096514553668,-0.76
1998-08-01,0.8735893146672166,-1.01
1998-09-01,1.0568910893610537,-1.17
1998-10-01,1.0022269717027672,-1.33
1998-11-01,1.1832335684353354,-1.25
1998-12-01,1.251493097234286,-1.57
1999-01-01,1.7166868250905176,-1.71
1999-02-01,0.7200576398447149,-1.25
1999-03-01,0.768295680728076,-0.9
1999-04-01,2.0827392856015523,-0.88
1999-05-01,0.10980533845890897,-0.92
1999-06-01,-0.021361940241000268,-1.03
1999-07-01,0.4757505098555259,-1.0
1999-08-01,0.05138760674486463,-1.11
1999-09-01,-0.11400865978527497,-1.06
1999-10-01,0.8148948274592898,-1.17
1999-11-01,1.2526314316866054,-1.54
1999-12-01,1.1967231586244518,-1.72
2000-01-01,0.570492283299991,-1.79
2000-02-01,1.1571921260909854,-1.6
2000-03-01,0.8293927527541659,-1.06
2000-04-01,1.895316177785941,-0.81
2000-05-01,0.34938062236962725,-0.81
2000-06-01,-0.7049440279629174,-0.72
2000-07-01,-0.3600274128642437,-0.59
2000-08-01,0.3939716517124983,-0.47
2000-09-01,0.9336384841877892,-0.51
2000-10-01,0.8773388755404726,-0.67
2000-11-01,2.2242015172052523,-0.73
2000-12-01,0.6490237725262339,-0.86
2001-01-01,0.9872902984965138,-0.74
2001-02-01,1.0600511291474004,-0.58
2001-03-01,0.5239073926237161,-0.44
2001-04-01,0.021085099629084454,-0.41
2001-05-01,-0.9283542251539312,-0.21
2001-06-01,0.06408582072426366,-0.08
2001-07-01,-0.2957368034242446,0.1
2001-08-01,-1.1133981461450428,0.03
2001-09-01,0.07087024797465691,-0.08
2001-10-01,-0.3090980380017164,-0.12
2001-11-01,0.6280506624246239,-0.26
2001-12-01,-1.1583842015978605,-0.36
2002-01-01,0.3099935238021495,-0.18
2002-02-01,0.6229166429011299,0.0
2002-03-01,-0.8202281919499155,0.15
2002-04-01,-0.44747266991010304,0.2
2002-05-01,-1.4873632209454255,0.52
2002-06-01,-0.7903917889281814,0.79
2002-07-01,-0.7457710695041655,0.75
2002-08-01,-1.7300494270868458,0.73
2002-09-01,-0.8535242908252128,0.92
2002-10-01,-0.8710944707322195,1.16
2002-11-01,-0.7599066026020368,1.4
2002-12-01,-1.3226940174273631,1.4
2003-01-01,-0.2110039951935336,1.01
2003-02-01,-0.9313393081967816,0.8
2003-03-01,-1.003519408028116,0.52
2003-04-01,-0.6348957777257141,-0.05
2003-05-01,-0.7686373692134523,-0.49
2003-06-01,-1.3885261156848343,-0.12
2003-07-01,0.28287868153567464,0.38
2003-08-01,-0.35971324721631137,0.4
2003-09-01,-0.29888756754527696,0.28
2003-10-01,-0.3090980380017164,0.55
2003-11-01,-0.4823151495967204,0.4
2003-12-01,0.8681035269655086,0.37
2004-01-01,-1.2529990331849,0.24
2004-02-01,0.7200576398447149,0.23
2004-03-01,-0.20925747168915493,0.07
2004-04-01,-1.7594344246198068,0.12
2004-05-01,1.3076817580123188,0.12
2004-06-01,-1.6448693985805292,0.26
2004-07-01,-0.6814804600641663,0.59
2004-08-01,-0.9763645281580364,0.75
2004-09-01,-0.36051387013194425,0.77
2004-10-01,-0.4964301822452647,0.77
2004-11-01,-1.1068959188587022,0.65
2004-12-01,-1.048844324378254,0.71
2005-01-01,0.2057940200029892,0.64
2005-02-01,-3.1655822379000087,0.34
2005-03-01,-0.20925747168915493,0.31
2005-04-01,-1.2908766550806192,0.23
2005-05-01,-1.4873632209455163,0.39
2005-06-01,0.1495335816895276,0.3
2005-07-01,0.09000685321560413,0.17
2005-08-01,-0.907847719164494,0.19
2005-09-01,0.3173754583212561,-0.02
2005-10-01,1.0022269717027672,-0.07
2005-11-01,-0.4129172863453716,-0.6
2005-12-01,-0.1177553680113211,-0.88
2006-01-01,1.404088313693096,-1.01
2006-02-01,-0.15421133264782586,-0.68
2006-03-01,1.3181693289627463,-0.52
2006-04-01,1.7078930699702235,-0.25
2006-05-01,-1.0082126531241706,0.0
2006-06-01,-0.7049440279629174,0.14
2006-07-01,-0.8743522883840907,0.09
2006-08-01,-1.8670830450739304,0.33
2006-09-01,-0.6070190804785435,0.49
2006-10-01,-1.6828670957874536,0.69
2006-11-01,-0.2741215598427529,1.08
2006-12-01,-0.5011449382799741,1.18
2007-01-01,-0.7841012660887968,0.71
2007-02-01,-0.4456343234786912,0.16
2007-03-01,-0.3925486877674248,-0.07
2007-04-01,-0.35376111600224425,-0.25
2007-05-01,-0.2894868013921973,-0.36
2007-06-01,0.4058768645853194,-0.15
2007-07-01,-0.4243180223042429,-0.34
2007-08-01,0.11990441573840695,-0.63
2007-09-01,0.07087024797465691,-0.85
2007-10-01,0.4402305389722641,-1.03
2007-11-01,0.9056421154300192,-1.26
2007-12-01,1.3610329744538925,-1.3
2008-01-01,1.560387569391777,-1.59
2008-02-01,2.031461098583526,-1.64
2008-03-01,1.1348781128844767,-1.16
2008-04-01,0.4896428691683785,-0.83
2008-05-01,-0.4492036573326762,-0.72
2008-06-01,0.4058768645852223,-0.55
2008-07-01,0.2185880720956755,-0.28
2008-08-01,0.8050725056736743,-0.12
2008-09-01,1.3650226022943204,-0.12
2008-10-01,1.2520031640274982,-0.12
2008-11-01,1.6690186111946197,-0.41
2008-12-01,1.251493097234286,-0.81
2009-01-01,1.0393900503960942,-0.95
2009-02-01,1.3514741199782103,-0.74
2009-03-01,-0.20925747168915493,-0.54
2009-04-01,0.958200638707566,-0.16
2009-05-01,-0.5290620853028248,0.24
2009-06-01,-0.3631529841019589,0.43
2009-07-01,0.15429746265560326,0.53
2009-08-01,-0.7022972921839449,0.6
2009-09-01,0.3173754583212561,0.71
2009-10-01,-1.6204230477062709,0.99
2009-11-01,-0.8293044658533856,1.54
2009-12-01,-0.9393044471585856,1.79
2010-01-01,-1.096699777486159,1.58
2010-02-01,-1.6598967852739177,1.32
2010-03-01,-1.431198912210676,1.0
2010-04-01,1.707893069970117,0.64
2010-05-01,0.9882480461313612,0.11
2010-06-01,0.06408582072426366,-0.46
2010-07-01,2.0187251364152132,-0.9
2010-08-01,1.8328246405764972,-1.3
2010-09-01,2.4742960488541224,-1.52
2010-10-01,1.7515555486768897,-1.52
2010-11-01,1.5996207479432707,-1.42
2010-12-01,2.730281439699499,-1.41
2011-01-01,2.1855845921866206,-1.59
2011-02-01,2.1286020955271665,-1.15
2011-03-01,2.1735283373278667,-0.96
2011-04-01,2.832431716864209,-0.6
2011-05-01,0.1896637664291484,-0.25
2011-06-01,-0.10680970120616706,-0.05
2011-07-01,1.054365994815372,-0.19
2011-08-01,0.05138760674486463,-0.39
2011-09-01,1.1185173919477212,-0.65
2011-10-01,0.6275626832158124,-0.8
2011-11-01,1.3220292949379544,-1.03
2011-12-01,2.292121930820888,-1.08
2012-01-01,1.0393900503960942,-0.83
2012-02-01,0.08864115971116418,-0.67
2012-03-01,0.0962278884412254,-0.41
2012-04-01,-0.8223188855414317,-0.27
2012-05-01,-0.2894868013921066,-0.2
2012-06-01,-1.2176305937543068,0.0
2012-07-01,-0.16715558454424628,0.09
2012-08-01,-0.7022972921839449,0.28
2012-09-01,0.1941228531479215,0.78
2012-10-01,0.12801029856649215,0.58
2012-11-01,0.28106134616795875,0.47
2012-12-01,-0.8297645699389795,-0.46
2013-01-01,-0.10680449139437327,-0.79
2013-02-01,-0.5427753204223313,-0.63
2013-03-01,1.0126839688323663,-0.45
2013-04-01,0.021085099629084454,0.01
2013-05-01,0.828531190190973,-0.12
2013-06-01,1.3458022352029313,-0.3
2013-07-01,0.7972035570555216,-0.33
2013-08-01,-0.22267962922922674,-0.37
2013-09-01,0.3173754583212561,-0.27
2013-10-01,-0.30909803800178737,-0.14
2013-11-01,0.8362442521785914,-0.19
2013-12-01,-0.1177553680113211,-0.43
